Gang,Geschwindikgeit [m/s],Differenz [Hz],Fehler [Hz]
6.0,0.0507,5.8,0.2
12.0,0.101,11.8,0.2
18.0,0.152,17.8,0.2
24.0,0.203,23.8,0.374165738677
30.0,0.253,24.6,9.20386392289
36.0,0.303,35.8,0.489897948557
